167,Recommended Lesson: consulting;Python;JavaScript;the business technology market;Ruby;corporate setting;global system integrators;people management;direct client sales/management;account management;selling enterprise software;corporate strategy;financial modeling;
168,Recommended Lesson: consulting;JavaScript;the business technology market;Ruby;corporate setting;global system integrators;people management;direct client sales/management;account management;selling enterprise software;English;corporate strategy;financial modeling;
169,Recommended Lesson: consulting;Python;the business technology market;Ruby;corporate setting;global system integrators;people management;direct client sales/management;media;account management;selling enterprise software;English;corporate strategy;financial modeling;
170,Recommended Lesson: consulting;Python;JavaScript;the business technology market;Ruby;corporate setting;global system integrators;people management;direct client sales/management;media;account management;selling enterprise software;English;corporate strategy;financial modeling;
171,Recommended Lesson: consulting;Python;the business technology market;Ruby;corporate setting;global system integrators;people management;direct client sales/management;media;account management;selling enterprise software;English;corporate strategy;financial modeling;
172,Recommended Lesson: consulting;Python;JavaScript;the business technology market;Ruby;corporate setting;global system integrators;people management;direct client sales/management;media;account management;selling enterprise software;English;corporate strategy;financial modeling;
173,Recommended Lesson: consulting;Python;JavaScript;the business technology market;Ruby;corporate setting;global system integrators;people management;direct client sales/management;media;account management;selling enterprise software;corporate strategy;financial modeling;
174,Recommended Lesson: consulting;Python;JavaScript;the business technology market;corporate setting;global system integrators;people management;direct client sales/management;media;account management;selling enterprise software;English;corporate strategy;financial modeling;
175,Recommended Lesson: consulting;Python;JavaScript;the business technology market;Ruby;corporate setting;global system integrators;people management;direct client sales/management;account management;selling enterprise software;corporate strategy;financial modeling;
176,Recommended Lesson: consulting;Python;the business technology market;Ruby;corporate setting;global system integrators;people management;direct client sales/management;media;account management;selling enterprise software;corporate strategy;financial modeling;
177,Recommended Lesson: consulting;Python;the business technology market;Ruby;corporate setting;global system integrators;people management;direct client sales/management;media;account management;selling enterprise software;English;corporate strategy;financial modeling;
178,Recommended Lesson: consulting;Python;the business technology market;Ruby;corporate setting;global system integrators;people management;direct client sales/management;media;account management;selling enterprise software;English;corporate strategy;financial modeling;
179,Recommended Lesson: consulting;Python;JavaScript;the business technology market;Ruby;corporate setting;global system integrators;people management;direct client sales/management;media;account management;selling enterprise software;English;corporate strategy;financial modeling;
180,Recommended Lesson: consulting;Python;the business technology market;Ruby;corporate setting;global system integrators;people management;direct client sales/management;account management;selling enterprise software;English;corporate strategy;financial modeling;
181,Recommended Lesson: consulting;Python;JavaScript;the business technology market;Ruby;corporate setting;global system integrators;people management;direct client sales/management;account management;selling enterprise software;English;corporate strategy;financial modeling;
182,Recommended Lesson: consulting;Python;the business technology market;Ruby;corporate setting;global system integrators;people management;direct client sales/management;media;account management;selling enterprise software;English;corporate strategy;financial modeling;
183,Recommended Lesson: consulting;Python;the business technology market;Ruby;corporate setting;global system integrators;people management;direct client sales/management;media;account management;selling enterprise software;English;corporate strategy;financial modeling;
184,Recommended Lesson: consulting;Python;the business technology market;Ruby;corporate setting;global system integrators;people management;direct client sales/management;media;account management;selling enterprise software;English;corporate strategy;financial modeling;
185,Recommended Lesson: consulting;Python;JavaScript;the business technology market;Ruby;corporate setting;global system integrators;people management;direct client sales/management;media;account management;selling enterprise software;English;corporate strategy;financial modeling;
186,Recommended Lesson: JavaScript;the business technology market;Ruby;corporate setting;global system integrators;people management;direct client sales/management;media;account management;selling enterprise software;English;corporate strategy;financial modeling;
187,Recommended Lesson: consulting;Python;JavaScript;the business technology market;Ruby;corporate setting;global system integrators;people management;direct client sales/management;media;account management;selling enterprise software;corporate strategy;financial modeling;
188,Recommended Lesson: consulting;Python;JavaScript;the business technology market;Ruby;corporate setting;global system integrators;people management;direct client sales/management;media;account management;selling enterprise software;corporate strategy;financial modeling;
189,Recommended Lesson: consulting;Python;the business technology market;Ruby;corporate setting;global system integrators;people management;direct client sales/management;account management;selling enterprise software;English;corporate strategy;financial modeling;
190,Recommended Lesson: consulting;JavaScript;the business technology market;Ruby;corporate setting;global system integrators;people management;direct client sales/management;account management;selling enterprise software;English;corporate strategy;financial modeling;
191,Recommended Lesson: consulting;Python;JavaScript;the business technology market;Ruby;corporate setting;global system integrators;people management;direct client sales/management;media;account management;selling enterprise software;English;corporate strategy;financial modeling;
192,Recommended Lesson: consulting;Python;the business technology market;Ruby;corporate setting;global system integrators;people management;direct client sales/management;media;account management;selling enterprise software;English;corporate strategy;financial modeling;
193,Recommended Lesson: consulting;Python;JavaScript;the business technology market;Ruby;corporate setting;global system integrators;people management;direct client sales/management;media;account management;selling enterprise software;English;corporate strategy;financial modeling;
194,Recommended Lesson: consulting;Python;JavaScript;the business technology market;Ruby;corporate setting;global system integrators;people management;direct client sales/management;media;account management;selling enterprise software;English;corporate strategy;financial modeling;
195,Recommended Lesson: consulting;Python;JavaScript;the business technology market;Ruby;corporate setting;global system integrators;people management;direct client sales/management;account management;selling enterprise software;English;corporate strategy;financial modeling;
196,Recommended Lesson: the business technology market;Ruby;corporate setting;global system integrators;people management;direct client sales/management;account management;selling enterprise software;English;corporate strategy;financial modeling;
197,Recommended Lesson: consulting;Python;the business technology market;Ruby;corporate setting;global system integrators;people management;direct client sales/management;media;account management;selling enterprise software;English;corporate strategy;financial modeling;
198,Recommended Lesson: consulting;Python;JavaScript;the business technology market;Ruby;corporate setting;global system integrators;people management;direct client sales/management;media;account management;selling enterprise software;corporate strategy;financial modeling;
199,Recommended Lesson: consulting;Python;JavaScript;the business technology market;Ruby;corporate setting;global system integrators;people management;direct client sales/management;media;account management;selling enterprise software;corporate strategy;financial modeling;
200,Recommended Lesson: consulting;JavaScript;the business technology market;corporate setting;global system integrators;people management;direct client sales/management;account management;selling enterprise software;English;corporate strategy;financial modeling;
201,Recommended Lesson: consulting;Python;JavaScript;the business technology market;Ruby;corporate setting;global system integrators;people management;direct client sales/management;account management;selling enterprise software;corporate strategy;financial modeling;
202,Recommended Lesson: consulting;Python;the business technology market;Ruby;corporate setting;global system integrators;people management;direct client sales/management;account management;selling enterprise software;English;corporate strategy;financial modeling;
203,Recommended Lesson: consulting;Python;JavaScript;the business technology market;Ruby;corporate setting;global system integrators;people management;direct client sales/management;media;account management;selling enterprise software;English;corporate strategy;financial modeling;
204,Recommended Lesson: Python;JavaScript;the business technology market;Ruby;corporate setting;global system integrators;people management;direct client sales/management;media;account management;selling enterprise software;corporate strategy;financial modeling;
205,Recommended Lesson: Python;the business technology market;Ruby;corporate setting;global system integrators;people management;direct client sales/management;media;account management;selling enterprise software;English;corporate strategy;financial modeling;
206,Recommended Lesson: consulting;Python;JavaScript;the business technology market;Ruby;corporate setting;global system integrators;people management;direct client sales/management;media;account management;selling enterprise software;English;corporate strategy;financial modeling;
207,Recommended Lesson: consulting;JavaScript;the business technology market;Ruby;corporate setting;global system integrators;people management;direct client sales/management;media;account management;selling enterprise software;corporate strategy;financial modeling;
208,Recommended Lesson: consulting;JavaScript;the business technology market;Ruby;corporate setting;global system integrators;people management;direct client sales/management;account management;selling enterprise software;corporate strategy;financial modeling;
209,Recommended Lesson: consulting;JavaScript;the business technology market;Ruby;corporate setting;global system integrators;people management;direct client sales/management;media;account management;selling enterprise software;corporate strategy;financial modeling;
210,Recommended Lesson: consulting;Python;JavaScript;the business technology market;Ruby;corporate setting;global system integrators;people management;direct client sales/management;media;account management;selling enterprise software;English;corporate strategy;financial modeling;
211,Recommended Lesson: consulting;JavaScript;the business technology market;Ruby;corporate setting;global system integrators;people management;direct client sales/management;media;account management;selling enterprise software;English;corporate strategy;financial modeling;
212,Recommended Lesson: consulting;Python;JavaScript;the business technology market;Ruby;corporate setting;global system integrators;people management;direct client sales/management;media;account management;selling enterprise software;corporate strategy;financial modeling;
213,Recommended Lesson: consulting;the business technology market;Ruby;corporate setting;global system integrators;people management;direct client sales/management;media;account management;selling enterprise software;English;corporate strategy;financial modeling;
214,Recommended Lesson: consulting;Python;the business technology market;Ruby;corporate setting;global system integrators;people management;direct client sales/management;account management;selling enterprise software;English;corporate strategy;financial modeling;
215,Recommended Lesson: consulting;Python;JavaScript;the business technology market;Ruby;corporate setting;global system integrators;people management;direct client sales/management;account management;selling enterprise software;corporate strategy;financial modeling;
216,Recommended Lesson: consulting;JavaScript;the business technology market;Ruby;corporate setting;global system integrators;people management;direct client sales/management;account management;selling enterprise software;English;corporate strategy;financial modeling;
217,Recommended Lesson: consulting;Python;the business technology market;Ruby;corporate setting;global system integrators;people management;direct client sales/management;media;account management;selling enterprise software;corporate strategy;financial modeling;
218,Recommended Lesson: consulting;Python;JavaScript;the business technology market;Ruby;corporate setting;global system integrators;people management;direct client sales/management;account management;selling enterprise software;English;corporate strategy;financial modeling;
219,Recommended Lesson: consulting;Python;JavaScript;the business technology market;Ruby;corporate setting;global system integrators;people management;direct client sales/management;media;account management;selling enterprise software;English;corporate strategy;financial modeling;
220,Recommended Lesson: the business technology market;corporate setting;global system integrators;people management;direct client sales/management;account management;selling enterprise software;English;corporate strategy;financial modeling;
221,Recommended Lesson: consulting;the business technology market;corporate setting;global system integrators;people management;direct client sales/management;account management;selling enterprise software;corporate strategy;financial modeling;
222,Recommended Lesson: consulting;Python;the business technology market;Ruby;corporate setting;global system integrators;people management;direct client sales/management;media;account management;selling enterprise software;English;corporate strategy;financial modeling;
223,Recommended Lesson: consulting;Python;JavaScript;the business technology market;Ruby;corporate setting;global system integrators;people management;direct client sales/management;media;account management;selling enterprise software;English;corporate strategy;financial modeling;
224,Recommended Lesson: consulting;Python;JavaScript;the business technology market;Ruby;corporate setting;global system integrators;people management;direct client sales/management;media;account management;selling enterprise software;corporate strategy;financial modeling;
225,Recommended Lesson: consulting;Python;the business technology market;Ruby;corporate setting;global system integrators;people management;direct client sales/management;account management;selling enterprise software;corporate strategy;financial modeling;
226,Recommended Lesson: consulting;Python;JavaScript;the business technology market;Ruby;corporate setting;global system integrators;people management;direct client sales/management;media;account management;selling enterprise software;English;corporate strategy;financial modeling;
227,Recommended Lesson: consulting;Python;the business technology market;Ruby;corporate setting;global system integrators;people management;direct client sales/management;media;account management;selling enterprise software;English;corporate strategy;financial modeling;
228,Recommended Lesson: consulting;the business technology market;Ruby;corporate setting;global system integrators;people management;direct client sales/management;media;account management;selling enterprise software;English;corporate strategy;financial modeling;
229,Recommended Lesson: consulting;Python;the business technology market;Ruby;corporate setting;global system integrators;people management;direct client sales/management;media;account management;selling enterprise software;English;corporate strategy;financial modeling;
230,Recommended Lesson: consulting;Python;JavaScript;the business technology market;Ruby;corporate setting;global system integrators;people management;direct client sales/management;media;account management;selling enterprise software;English;corporate strategy;financial modeling;
231,Recommended Lesson: consulting;Python;the business technology market;Ruby;corporate setting;global system integrators;people management;direct client sales/management;media;account management;selling enterprise software;English;corporate strategy;financial modeling;
232,Recommended Lesson: consulting;Python;JavaScript;the business technology market;Ruby;corporate setting;global system integrators;people management;direct client sales/management;media;account management;selling enterprise software;English;corporate strategy;financial modeling;
233,Recommended Lesson: consulting;the business technology market;Ruby;corporate setting;global system integrators;people management;direct client sales/management;account management;selling enterprise software;English;corporate strategy;financial modeling;
234,Recommended Lesson: consulting;Python;the business technology market;Ruby;corporate setting;global system integrators;people management;direct client sales/management;media;account management;selling enterprise software;English;corporate strategy;financial modeling;
235,Recommended Lesson: consulting;Python;JavaScript;the business technology market;Ruby;corporate setting;global system integrators;people management;direct client sales/management;media;account management;selling enterprise software;English;corporate strategy;financial modeling;
236,Recommended Lesson: consulting;Python;JavaScript;the business technology market;Ruby;corporate setting;global system integrators;people management;direct client sales/management;account management;selling enterprise software;English;corporate strategy;financial modeling;
237,Recommended Lesson: consulting;Python;JavaScript;the business technology market;Ruby;corporate setting;global system integrators;people management;direct client sales/management;account management;selling enterprise software;English;corporate strategy;financial modeling;
238,Recommended Lesson: consulting;Python;JavaScript;the business technology market;Ruby;corporate setting;global system integrators;people management;direct client sales/management;media;account management;selling enterprise software;English;corporate strategy;financial modeling;
239,Recommended Lesson: consulting;Python;JavaScript;the business technology market;Ruby;corporate setting;global system integrators;people management;direct client sales/management;media;account management;selling enterprise software;English;corporate strategy;financial modeling;
240,Recommended Lesson: consulting;Python;JavaScript;the business technology market;Ruby;corporate setting;global system integrators;people management;direct client sales/management;media;account management;selling enterprise software;English;corporate strategy;financial modeling;
241,Recommended Lesson: consulting;the business technology market;Ruby;corporate setting;global system integrators;people management;direct client sales/management;account management;selling enterprise software;English;corporate strategy;financial modeling;
242,Recommended Lesson: consulting;Python;the business technology market;Ruby;corporate setting;global system integrators;people management;direct client sales/management;media;account management;selling enterprise software;English;corporate strategy;financial modeling;
243,Recommended Lesson: consulting;Python;JavaScript;the business technology market;Ruby;corporate setting;global system integrators;people management;direct client sales/management;media;account management;selling enterprise software;corporate strategy;financial modeling;
244,Recommended Lesson: consulting;Python;JavaScript;the business technology market;Ruby;corporate setting;global system integrators;people management;direct client sales/management;account management;selling enterprise software;English;corporate strategy;financial modeling;
245,Recommended Lesson: consulting;Python;JavaScript;the business technology market;Ruby;corporate setting;global system integrators;people management;direct client sales/management;media;account management;selling enterprise software;English;corporate strategy;financial modeling;
246,Recommended Lesson: consulting;Python;JavaScript;the business technology market;Ruby;corporate setting;global system integrators;people management;direct client sales/management;media;account management;selling enterprise software;corporate strategy;financial modeling;
247,Recommended Lesson: consulting;Python;JavaScript;the business technology market;Ruby;corporate setting;global system integrators;people management;direct client sales/management;media;account management;selling enterprise software;English;corporate strategy;financial modeling;
248,Recommended Lesson: consulting;Python;JavaScript;the business technology market;Ruby;corporate setting;global system integrators;people management;direct client sales/management;media;account management;selling enterprise software;English;corporate strategy;financial modeling;
249,Recommended Lesson: JavaScript;the business technology market;Ruby;corporate setting;global system integrators;people management;direct client sales/management;media;account management;selling enterprise software;corporate strategy;financial modeling;
250,Recommended Lesson: consulting;Python;JavaScript;the business technology market;Ruby;corporate setting;global system integrators;people management;direct client sales/management;media;account management;selling enterprise software;English;corporate strategy;financial modeling;
251,Recommended Lesson: consulting;Python;JavaScript;the business technology market;Ruby;corporate setting;global system integrators;people management;direct client sales/management;media;account management;selling enterprise software;English;corporate strategy;financial modeling;
252,Recommended Lesson: consulting;Python;JavaScript;the business technology market;Ruby;corporate setting;global system integrators;people management;direct client sales/management;account management;selling enterprise software;English;corporate strategy;financial modeling;
253,Recommended Lesson: consulting;Python;JavaScript;the business technology market;Ruby;corporate setting;global system integrators;people management;direct client sales/management;account management;selling enterprise software;corporate strategy;financial modeling;
254,Recommended Lesson: consulting;Python;JavaScript;the business technology market;Ruby;corporate setting;global system integrators;people management;direct client sales/management;media;account management;selling enterprise software;corporate strategy;financial modeling;
255,Recommended Lesson: consulting;Python;the business technology market;Ruby;corporate setting;global system integrators;people management;direct client sales/management;account management;selling enterprise software;English;corporate strategy;financial modeling;
256,Recommended Lesson: Python;JavaScript;the business technology market;Ruby;corporate setting;global system integrators;people management;direct client sales/management;media;account management;selling enterprise software;corporate strategy;financial modeling;
257,Recommended Lesson: consulting;Python;JavaScript;the business technology market;corporate setting;global system integrators;people management;direct client sales/management;account management;selling enterprise software;English;corporate strategy;financial modeling;
258,Recommended Lesson: consulting;Python;JavaScript;the business technology market;Ruby;corporate setting;global system integrators;people management;direct client sales/management;media;account management;selling enterprise software;corporate strategy;financial modeling;
259,Recommended Lesson: consulting;Python;JavaScript;the business technology market;Ruby;corporate setting;global system integrators;people management;direct client sales/management;account management;selling enterprise software;English;corporate strategy;financial modeling;
260,Recommended Lesson: consulting;Python;the business technology market;Ruby;corporate setting;global system integrators;people management;direct client sales/management;account management;selling enterprise software;English;corporate strategy;financial modeling;
261,Recommended Lesson: consulting;Python;JavaScript;the business technology market;Ruby;corporate setting;global system integrators;people management;direct client sales/management;media;account management;selling enterprise software;English;corporate strategy;financial modeling;
262,Recommended Lesson: consulting;Python;JavaScript;the business technology market;Ruby;corporate setting;global system integrators;people management;direct client sales/management;media;account management;selling enterprise software;English;corporate strategy;financial modeling;
263,Recommended Lesson: consulting;Python;the business technology market;corporate setting;global system integrators;people management;direct client sales/management;account management;selling enterprise software;English;corporate strategy;financial modeling;
264,Recommended Lesson: consulting;Python;JavaScript;the business technology market;Ruby;corporate setting;global system integrators;people management;direct client sales/management;media;account management;selling enterprise software;English;corporate strategy;financial modeling;
265,Recommended Lesson: consulting;Python;JavaScript;the business technology market;Ruby;corporate setting;global system integrators;people management;direct client sales/management;account management;selling enterprise software;English;corporate strategy;financial modeling;
266,Recommended Lesson: consulting;Python;the business technology market;Ruby;corporate setting;global system integrators;people management;direct client sales/management;account management;selling enterprise software;English;corporate strategy;financial modeling;
267,Recommended Lesson: consulting;Python;JavaScript;the business technology market;Ruby;corporate setting;global system integrators;people management;direct client sales/management;media;account management;selling enterprise software;English;corporate strategy;financial modeling;
268,Recommended Lesson: Python;JavaScript;the business technology market;Ruby;corporate setting;global system integrators;people management;direct client sales/management;account management;selling enterprise software;corporate strategy;financial modeling;
269,Recommended Lesson: consulting;Python;the business technology market;Ruby;corporate setting;global system integrators;people management;direct client sales/management;media;account management;selling enterprise software;English;corporate strategy;financial modeling;
270,Recommended Lesson: consulting;Python;JavaScript;the business technology market;Ruby;corporate setting;global system integrators;people management;direct client sales/management;media;account management;selling enterprise software;English;corporate strategy;financial modeling;
